likes,body,url
12,"Чем больше мы преодолеваем себя - тем выше наша самооценка. 
Чем выше самооценка - тем сильнее мы чувствуем, что заслуживаем большего. 
Чем мы большего заслуживаем - тем качественнее наш выбор. 
А чем качественнее наш выбор - тем более привлекательную жизнь мы получаем. 
Все очень просто. 
(с)

#мотивация_от_молот",https://sun9-47.userapi.com/impg/3F_O9Meu6T9tRmn1SKi3vqPbYQUPLjctkrg1ww/cn_5HTraygQ.jpg?size=720x1080&quality=96&sign=9c65974ec4b2739fb22b90d90492654c&c_uniq_tag=lBg-SzaiRq6QNbh4asqMAJAt4oEYNQXnEyaBhXOPR_U&type=album
15,Режим работы в Новогодние праздники,https://sun9-48.userapi.com/impg/GNtN4NMPRz-6j9mjQKvwaPO7BMlnTuyKuxgz8g/LgDtRtW6zno.jpg?size=1081x1081&quality=96&proxy=1&sign=955cf428fd97499c144f472a1ceff3cc&c_uniq_tag=5QgOKRp5c5b2wE6bRIM2M-5FabOqS8zyknTBI3VJ4Lc&type=album
7,"Уважаемые клиенты! 
 
В целях реализации мер по противодействию распространения новой коронавирусной инфекции (COVID-19) путем проведения комплексных работ по дезинфекции помещений фитнес-клуба обеззараживающими средствами, которые требуют более длительного время 
нанесения, уведомляем Вас об изменении режима работы фитнес клуба в субботу 19.12.2020 года. 
Клуб будет работать с 9 до 18.00. 
 
Просим заранее планировать свои тренировки. 
 
С уважением администрация ФК Молот",https://sun9-31.userapi.com/impg/VhkEvS9dG7SM1nGouE2Ru3mXuzoE_kgya5OhMg/xhybrv0DEnA.jpg?size=1081x1081&quality=96&proxy=1&sign=83bcc7c9197885fe3a4013a927feae81&c_uniq_tag=rnxSDGd_SIj8B7-3wOp_N0UK9iklQzcVAkS5FLDPhzA&type=album
8,"Надо искать свою суть, свои человеческие истоки, свои внутренние силы, свои потенциалы. 
Высота человека зависит не от его физического роста, а от грандиозности его мечты. 
Открывающиеся ему горизонты очерчиваются не горами, а его верой в себя. Он молод сердцем; он — носитель и хранитель надежды, он обладает вечной силой, позволяющей оставаться оптимистом, энтузиастом и сохранять способность исполнять то, к чему стремится. (с) Хорхе Анхель Ливрага 
 
#мотивация_от_молот

photo [id319178502|@al.sklv] 

[club147399356|Молот - Невский. Фитнес клуб]",https://sun9-42.userapi.com/impg/R8-9WZEgKXdxb-XLBpf6CC20Sj5vpWvo_VaE9w/dh5XdEYIU2w.jpg?size=864x1080&quality=96&sign=fccf2857a9120a4f3717b313f713ca09&c_uniq_tag=P8Ab5I6QRx33wbsOdtwi-omCN__AANq6EiGU4loA80I&type=album
9,"Уважаемые клиенты! 

В целях реализации мер по противодействию распространения новой коронавирусной инфекции (COVID-19) путем проведения комплексных работ по дезинфекции помещений фитнес-клуба обеззараживающими средствами, которые требуют более длительного время 
нанесения, уведомляем Вас об изменении режима работы фитнес клуба в субботу 19.12.2020 года. 
Клуб будет работать с 9 до 18.00. 
 
Просим заранее планировать свои тренировки. 
 
С уважением администрация ФК Молот",https://sun9-31.userapi.com/impg/VhkEvS9dG7SM1nGouE2Ru3mXuzoE_kgya5OhMg/xhybrv0DEnA.jpg?size=1081x1081&quality=96&proxy=1&sign=83bcc7c9197885fe3a4013a927feae81&c_uniq_tag=rnxSDGd_SIj8B7-3wOp_N0UK9iklQzcVAkS5FLDPhzA&type=album
1,"Открыта вакансия Менеджер по продажам 
 
Обязанности: 
- Осуществление поиска клиентов, теплые звонки по существующей базе и наработка своей клиентской базы; 
-Консультирование клиентов по услугам клуба; 
-Презентация клуба; 
-Продажа клубных карт и дополнительных секций; 
-Общение с клиентами в клубе и по телефону. 
 
Требования: 
 
-Опыт прямых продаж; проведение телефонных переговоров (выполнение плана по звонкам) 
-Презентабельный вид; 
-Знание и владение техниками продаж; 
-Грамотная речь; 
 
Условия: 
-Оформление по ТК РФ; 
-оклад + бонусы 
-Бесплатное посещение фитнес клуба; 
 
Сменный график работы 2/2: с 9 до 19.00, 11.00 до 21.00, 13.00 до 23.00; 
 
Фитнес клуб расположен в минуте от станции метро Адмиралтейская: ТЦ ""Адмирал"". 
 
Более подробная информация о вакансии и запись на собеседование: +79046107557",https://sun9-8.userapi.com/impg/oS773NEg7IfFzcb9jrCEcGTTAP7_70-bcrz7YQ/oDcBkQxwRhk.jpg?size=1080x1080&quality=96&proxy=1&sign=7a5e441debdd1539da21618d1e566cca&c_uniq_tag=RcS3GOTgQ4A400ZTuDmdK0Z9b7KUqV_zPgNhZzKPxlU&type=album
0,,https://sun9-19.userapi.com/bjwZba-glEpzMx-gyX8V7LdNjwnXasqwL2kEhQ/y_pqtnHR3wg.jpg
0,"Уважаемые клиенты!
В субботу, 7.11 14.00 - ОТМЕНА занятия Dance Mix

Приносим извинения за неудобства",https://sun9-57.userapi.com/impg/pR0Rgqh8qOtQRIQdEyRfeEfdMuw7TMlySyt2DA/BFAJnbJMkoY.jpg?size=1081x1081&quality=96&proxy=1&sign=1f98a0b7ab8e1db3cf506c5c7d1dc0e2&c_uniq_tag=yCopR-0yvZnhnn9xtxAf3xAkrCYtGdL6XK2TJywuX0A&type=album
0,"12 сентября (суббота) 13.00 ОТМЕНА танцевальная акробатика

тренер Куркина Евгения

Приносим извинения за неудобства",https://sun9-12.userapi.com/impg/-rVf8yEgelSt9qZmtfnh1xWMli92fhq2WSgh2w/YJ1-Kz8Fs14.jpg?size=1081x1081&quality=96&proxy=1&sign=690289b7a36fc150867ca7e6e11172e9&c_uniq_tag=iU_mAuWgPGQaL7jCZqcTQcGwNjYVSvJ5-iSDFhLd4_8&type=album
2,"Фитнес-клуб Молот - партнер мероприятия Трейлраннинг Веломарафон [club45466281|@plosport] 
https://plosport.ru/ 
 
СКИДКА для наших клиентов на слоты - промокод molot10",https://sun9-23.userapi.com/impg/m4ZyHY2ZA2EK7d7puHM36NTKynY6wWf52srWmQ/RlC2GxBJsi4.jpg?size=764x1080&quality=96&sign=1c6fe297e8f054a0dd1224b824a13da2&c_uniq_tag=H0Te5FHpOKwbkrU_cZDSfISu1eNhZAuwrWsRyD9MfJ4&type=album
2,"Фитнес-клуб Молот - партнер мероприятия Трейлраннинг Веломарафон [club45466281|@plosport] 
https://plosport.ru/ 
 
СКИДКА для наших клиентов на слоты - промокод molot10",https://sun9-30.userapi.com/impg/guV9YCBJlHvDsBLLVeSy2aaJQwhkNK1XC0QGww/k2wVL8qi5rI.jpg?size=764x1080&quality=96&sign=5d5402a66e4f60de1bb5e3962a35f3a4&c_uniq_tag=rzll479CkDBXeHZK66I3m8yx-HS1uGo8_e0WvNF3pac&type=album
3,"Предлагаем АРЕНДУ зала групповых программ в фитнес-клубе Молот 
 
- Зал групповых программ оснащен современным оборудованием и специальным напольным покрытием, что является наиболее удобным и безопасным для занятий фитнесом и танцами. 
 
- Зеркальные стены дают возможность постоянно контролировать технику выполнения упражнений на протяжении всего урока. 
 
- Зал располагает новейшим аэробным оборудованием: степы, фитболы, гантели, гимнастические палки с различными отягощениями, большой выбор эспандеров и отягощений. 
 
Подробности по телефону 8 921 890 44 10

Фитнес-клуб Молот 
пр.Большевиков, 18
ТК Невский, 3 этаж 
 
#аренда #коммерческаяаренда #арендаспортивногозала #арендаспб #арендафитнесклуба #спортзалваренду #арендаспортзаласпб #арпендапитер",https://sun9-32.userapi.com/impg/xbXmXf5FmgQs0U53YvCsBnPs_UQtTboYtoYayg/QTo2f4BrGf4.jpg?size=1280x1280&quality=96&sign=dc20e9f4481a80b60850ff5b0462c78b&c_uniq_tag=2x1WlwMYtQDb1lALnhN4hBcUe63SARB1QaCNJxVvXgs&type=album
2,"Фитнес-клуб МОЛОТ - партнер мероприятия [club45466281|Трейлраннинг Веломарафон] 
https://plosport.ru/

СКИДКА для наших клиентов на слоты - промокод MOLOT10",https://sun9-43.userapi.com/impg/l1at3c2-kXoo54gNE4O4ttNCBVGPX-7-04VLrQ/g_fDsKD9U0k.jpg?size=764x1080&quality=96&sign=3d9003207d46892750b281b61f7d61ee&c_uniq_tag=6BzStH8r98Ht5fE2SFGd7gTPW21SNgQuY0QqL1WthDc&type=album
53,"""Это сложный путь, но я могу пройти его вместе с тобой"" ©

Во время вынужденной самоизоляции, тренеры фитнес-клуба Молот готовы проводить тренировки в удалённом режиме.

Подробности уточняйте, пожалуйста, у тренеров:

Гамаль Екатерина @gml_ka 
Писарева Полина https://vk.com/nechta
Панкратьева Юля https://vk.com/lubimkajulia
Лукашевич Евгений https://vk.com/id45459123
Красовская Виктория https://vk.com/viavika
Костарев Виталий https://vk.com/id446281024
Немцова Елена https://vk.com/nemtsovafit
Голубева Лариса https://vk.com/egorka8
Бурун Игорь https://vk.com/igorburun
Большаков Владимир https://vk.com/id_voga
Асеева Ольга https://vk.com/id275374467
Грибкова Наталья https://vk.com/id481015
Добротина Ирина https://vk.com/id502114707
Куркина Евгения
Козлов Артём https://vk.com/artimiu
Сайдашев Никита https://vk.com/id525927592
Петросян Никита https://vk.com/id5013783
Тихомиров Владимир @coach.vladimir
Кузьменкова Татьяна https://vk.com/tanushafox
Видяева Ольга 

Берегите себя и своих близких, не посещайте места скопления людей, чаще мойте руки и соблюдайте меры предосторожности.",https://sun9-35.userapi.com/impg/c858020/v858020398/1b8b0a/D1TOCdsjAhw.jpg?size=1043x960&quality=96&proxy=1&sign=52303d2ecf7a640fd8915fc59593349a&c_uniq_tag=F_taqqkrzh6IW-0PZHW0DSIVkbDs4GKq8WgBJhHeHXI&type=album
6,,https://sun9-7.userapi.com/impg/c858020/v858020555/19ea9f/yqJusZvDlr8.jpg?size=1280x720&quality=96&sign=2848584eb9d13770805685bbf8731180&c_uniq_tag=fTpX99PDS-EZ9gX6tOlZRYK6YKRBUAhMRKMkSA3j2mA&type=album
3,"Уважаемые клиенты!
7-9 марта фитнес-клуб работает в режиме выходного дня с 9.00 дло 22.00

Планируйте тренировки заранее",https://sun9-24.userapi.com/impg/sePWpLAoi3yAP1HA7el8sSkFq9e3DzO871D2ZQ/g9nCIc-peEU.jpg?size=1080x1080&quality=96&proxy=1&sign=b0df93e240ffc7792e4539804235b565&c_uniq_tag=T80VnLRU3maiTLXGrz2-2ORsSsYnYsl0YzBj4sSXy6s&type=album
12,Расписание групповых программ 24 февраля - 1 марта,https://sun9-67.userapi.com/impg/gqDPaQn3OKFDfY296AESo3oJul1gAWukeqkRmg/bOG2rNAgje4.jpg?size=1280x720&quality=96&sign=8f9282ca7998b37bfc12a931af77baef&c_uniq_tag=2Uz2ESxKufpaVHQP30zUJHzS33ayg6SbkaEOJGvnbUg&type=album
4,"Уважаемые клиенты!
24 февраля фитнес-клуб Молот работает в режиме выходного дня
с 9.00 до 22.00

Планируйте, пожалуйста, тренировки заранее",https://sun9-30.userapi.com/impg/c855124/v855124227/1f9703/O-kxFZkL404.jpg?size=778x1080&quality=96&sign=95c4ef9458c9bcb6566878f2863625e9&c_uniq_tag=S0ls_ylG3zLpn1VA7hNxYKwls6W2wDlXjzfFaeUFJzE&type=album
12,"Успешные люди делают то, что неуспешные не хотят делать. 
Не стремитесь, чтобы было ЛЕГЧЕ, стремитесь, чтобы было ЛУЧШЕ 
• • • • • • • • 
#мотивация_от_молот

photo @e.y.a.__ifbb 

Фитнес-клуб Молот 
пр.Большевиков, 18",https://sun9-11.userapi.com/impg/QG815whOt-L-w9ujmM40wb2Y9e1bwKzTakKRzw/f-9tVfIN-8I.jpg?size=864x1080&quality=96&sign=6dde10c7ad57fb7e7b7dc70f954392ee&c_uniq_tag=WAh1Adm6vGNxByZRDeB3-fbnSdgD4CS90pRLxkrn5R8&type=album
3,"Изменения в расписании 
24 января (пятница) ЗАМЕНА ТРЕНЕРА :
9.00 - Lower Body
10.00 - Super Sculpt
11.00 - Abs+flex
Тренер Фёдорова Екатерина

Приносим извинения за неудобства",https://sun9-17.userapi.com/impg/-gOHfrplRbLCcQ3JxN63yvzhfAuEvI4v18NqRg/oD-fIDVPd_g.jpg?size=1080x1080&quality=96&proxy=1&sign=ea4c52d5384b2f2dd8141df8e40c3a87&c_uniq_tag=43OkQ9MI7om8CLGXDbYCBtWyLb7xmjAGLgtrxSDUTfo&type=album
3,"Изменения в расписании! 
Сегодня 23.01 в 20:00 - ОТМЕНА занятия BOSU. 
19.00 PUMP, 20.00 Functional Training, 21.00 FLEX - замена тренера, занятия ведёт Фёдорова Екатерина. 
 
Приносим свои извинения за неудобства.",https://sun9-45.userapi.com/impg/c855236/v855236785/1dca9e/epts0DPxP5g.jpg?size=1280x1279&quality=96&sign=4e9c35e929b027295bcf97bca2419889&c_uniq_tag=F1rHRvGuq9NA76CZkd5jAYCD5PODfqzCC7rEjKdTBoo&type=album
7,Расписание групповых программ с 6 по 12 января,https://sun9-37.userapi.com/impg/c857216/v857216196/a0d31/DNDVHlho7uA.jpg?size=1280x720&quality=96&sign=af01c7320b51f9a4e1632ad0f1783ed7&c_uniq_tag=XL65FYbkZgNSXzm7-zjuxYgUGT9NReQspwzIJ7nt5yE&type=album
3,"Уважаемые клиенты! 
Напоминаем, СЕГОДНЯ 
13 декабря фитнес-клуб Молот работает до 18.00 
 
Просим планировать тренировки заранее",https://sun9-28.userapi.com/impg/LiXA8ZBgR9QmSBNrRli9uAbYv9OzOGMhz3AN7A/tBCAxTwAPFk.jpg?size=1080x1080&quality=96&proxy=1&sign=0cd9b67db130deb33cd648916a2d2463&c_uniq_tag=mktldg3UpqSSbQNTl2zWyoIqOcBAEY1F2ftwE06zlYU&type=album
5,"Уважаемые клиенты! 
Напоминаем, ЗАВТРА 
13 декабря фитнес-клуб Молот работает до 18.00 
 
Просим планировать тренировки заранее",https://sun9-33.userapi.com/impg/c856016/v856016504/19d17a/dQqaXGj4BcQ.jpg?size=1080x1080&quality=96&proxy=1&sign=0b527345c9c83b031aa030c561a60082&c_uniq_tag=H7YGZAt-SJWSdBhwoxlQXdFk-OhMgCKmDxSJH2fN0H4&type=album
3,"Уважаемые клиенты!
13 декабря фитнес-клуб Молот работает до 18.00

Просим планировать тренировки заранее",https://sun9-58.userapi.com/impg/c858332/v858332768/11bc8e/U5OlYMjeLT8.jpg?size=1080x1080&quality=96&proxy=1&sign=24d5a239b6bad2261916684d7306f0f2&c_uniq_tag=eOjoEvJY-1c7t6aMQNhCsHhyBsoR4LJG2e83EYoxa8M&type=album
1,"Изменения в расписании! 

Завтра 29.11
20:00 - dance mix,тренер Куркина Евгения
21:00 - FLEX, тренер Куркина Евгения

Приносим извинения за неудобства",https://sun9-68.userapi.com/impg/c857228/v857228622/686e4/-1tFuA6KJfI.jpg?size=1280x1279&quality=96&sign=13d70c58e9c60d979ff485b2d8b8a613&c_uniq_tag=hLkEGae8N2ap7rnmJjD7P8D8t44rpADATGjJmnmYziI&type=album
2,"Рано или поздно ты все равно упадешь. Но ты учишься, ты учишься приземляться. 
Победитель - не тот парень, который никогда не падал, а тот, кто сразу вставал и снова пробовал. И если неудача снова сбивала его, он тут же поднимался. 

(с) Никита Сайдашев

Фитнес-клуб Молот
пр.Большевиков, 18

#спортзал #бодибилдинг #пауэрлифтинг #пресс #тяжелаяатлетика #штанга #сила #molotfitness #молотфитнет #молот #дыбенко",https://sun9-39.userapi.com/impf/c850732/v850732713/1edc27/PRUCLeKJDQM.jpg?size=1077x1080&quality=96&sign=84c32465417d56a0bcb960018d2b2fa0&c_uniq_tag=8f2LXqwhQrfOauERGWuB71vF8WPIYyKr-axeVlk5Syg&type=album
5,"Расписание групповых программ с 26 августа по 1 сентября. 
 
Фитнес-клуб Молот 
Пр.Большевиков, 18

Уважаемые клиенты, рассылки расписания (в личные сообщения) на этой неделе не будет",https://sun9-64.userapi.com/impf/c852028/v852028058/1aa1d1/hReTjQBL5mQ.jpg?size=1280x720&quality=96&sign=5177ff0c953ee9816165b1ab8f6245db&c_uniq_tag=CrH3dtnVTGxRRmaqvBS983yL5krU5A8foS0QzsGkwZA&type=album
8,"Расписание групповых программ с 19 по 25 августа. 
 
Фитнес-клуб Молот 
Пр.Большевиков, 18",https://sun9-40.userapi.com/impf/c855124/v855124900/c976b/vi2TjILgZM4.jpg?size=1280x720&quality=96&sign=b8a317f3ea04d0d28d229b2d99e2b141&c_uniq_tag=DtxKZwnPEeQtjbdjfvlNDms4ojLwI-GyLHzRIVsqItY&type=album
4,"Расписание групповых программ с 12 по 18 августа.

Фитнес-клуб Молот
Пр.Большевиков, 18",https://sun9-61.userapi.com/impf/c855732/v855732379/b94b0/-8M02ruC80w.jpg?size=1280x720&quality=96&sign=3fe748effad95213b7b477b0b2ae02ab&c_uniq_tag=DPA9okL4Y_BS9SqeZBPT1pYP8_UVQoiuFvNE6a3rKnI&type=album
2,,https://sun9-6.userapi.com/c857732/v857732084/2637a/7DjAs9T9WuU.jpg
4,"Расписание групповых программ с 22 по 28 июля в фитнес клубе Молот Невский 

Уважаемые клиенты, рассылки расписания (в личные сообщения) на этой неделе не будет",https://sun9-40.userapi.com/impf/c850120/v850120279/19fe67/awg2a801aaM.jpg?size=1280x720&quality=96&sign=88cd81a8b323e1df383947d766eb7d72&c_uniq_tag=ODnMISI7SYcAynZ78N3S0jL6AvA3nXWLkMBP2ta_74g&type=album
9,"Уклад жизни современного человека изменился, и вместе с ним изменилась физическая форма.
 Ранее физическая сила была следствием образа жизни. Сегодня, в большинстве своём, следствие - это дряблое, рыхлое, изнеженное тело. 
Больше не нужно пробегать десятки километров в поисках пищи, лазать по деревьям, сражаться с мамонтами. 
Самым серьезным вызовом сегодня можно считать переноску пакетов, из магазина в машину, и из машины в квартиру. В итоге мы имеем то, что имеем... 
Выход из положения есть. Для этого необходимо отказаться от ленивого образа жизни и постоянно бросать себе вызов. 
Поставьте цель подтянуться 30 раз, присесть 2 веса или пробежать марафон. 
В любом из случаев по пути к цели, вам придётся постоянно преодолевать себя, и вместе с этим крепнуть физически и духовно!

(с) Игорь Бурун 

[club147399356|Молот - Невский. Фитнес клуб]",https://sun9-26.userapi.com/impf/c850736/v850736375/166272/9Bd46-hmJWw.jpg?size=1077x1080&quality=96&sign=6f98ec9cd24584ef38ce776182d887df&c_uniq_tag=iEKnRqn3bwbaskQPd8WOQOgNhwEqyLwg-hnuTYLuLOo&type=album
1,"Уважаемые гости!
В фитнес-клубе Молот мужская и женская сауна закрыты на техническое обслуживание с 03.07.19 - 31.07.19 включительно. 

Приносим извинения за неудобства.",https://sun9-59.userapi.com/impf/c852128/v852128330/15c024/sjb0QamwZic.jpg?size=1280x1279&quality=96&sign=188b4076d0b915d3baeec0d860e8501d&c_uniq_tag=FQqkyfRCycsxAHN1NFphsYVnTHapvsUoFLJ2tlZsNEE&type=album
2,"Расписание групповых программ с 10 по 16 июня

[club147399356|Молот - Невский. Фитнес клуб]",https://sun9-73.userapi.com/impf/c848620/v848620270/1a8106/9kpctMmR7Kw.jpg?size=1280x1280&quality=96&sign=aff508385fb005dd3ce20a17d72327ac&c_uniq_tag=H4N1rxoAN1w_XO2rdHPapddnjMIY3ZnH6YgE5uT7h7I&type=album
3,"Расписание групповых программ с 27 мая по 2 июня

[club147399356|Молот - Невский. Фитнес клуб]",https://sun9-42.userapi.com/impf/c850024/v850024554/19f7b3/n6jXJkLeofg.jpg?size=1280x1280&quality=96&sign=1ccdc3bd110fd0c38ece4336364bb288&c_uniq_tag=df5MJZHIRowZLhMNDe-xVJn9Atx7YfAkAOGwNiUee3o&type=album
2,"Расписание групповых программ с 20 по 26 мая

[club147399356|Молот - Невский. Фитнес клуб]",https://sun9-59.userapi.com/impf/c854216/v854216746/44d30/U6xrzheIExY.jpg?size=1280x1280&quality=96&sign=c2137c646ed23b10d8ec302f018fe673&c_uniq_tag=7wBmD2SeVYl0pgaZHOm2rS5_yg1q-9U7mSlgMXCt3Xc&type=album
5,"Расписание групповых программ с 13 по 19 мая

[club147399356|Молот - Невский. Фитнес клуб]",https://sun9-64.userapi.com/impf/c846523/v846523601/200e50/iEgHzPe1so8.jpg?size=1280x732&quality=96&sign=a40d0e527cdeccf420de9d6792a0be34&c_uniq_tag=xx5_SV0I-2eI143SO4pZZjBklLLdKzKZiIo74bw4MpQ&type=album
3,"Режим работы клуба в праздничные дни: 
9-12 мая - 9.00-22.00

[club147399356|Молот - Невский. Фитнес клуб]",https://sun9-7.userapi.com/impf/c855624/v855624516/385eb/-cOpex1AXpE.jpg?size=596x842&quality=96&proxy=1&sign=f8514fcc256478deab01186e27415846&c_uniq_tag=JoicUJJPloxWejRzTWkCWctAJsuQgGlE0CPrMvSzMQ4&type=album
3,"Расписание групповых программ с 29 апреля по 5 мая

Режим работы клуба в праздничные дни: 
1-5 мая - 9.00-22.00 
6-8 мая - 7.00-24.00 
9-12 мая - 9.00-22.00

[club147399356|Молот - Невский.]",https://sun9-52.userapi.com/impf/c849420/v849420828/17e9cc/KvEmjvuJWQM.jpg?size=1280x1280&quality=96&sign=34218971065e225a9a7f80e59f624b3b&c_uniq_tag=nsF4wE-ZWiOek71SL7J8o9hxvkTEwWnOt6Cspwf6RF8&type=album
5,,https://sun9-64.userapi.com/impf/c855224/v855224810/2fb32/S77_TeR2AfY.jpg?size=596x842&quality=96&proxy=1&sign=719a5e6cda32c7f7635c91a7e7c53c4b&c_uniq_tag=T3kDUElMkHKKmzMxQo6h3Dg7ue0hgkRSwfQpZQQwlc4&type=album
5,Актуальное расписание групповых программ,https://sun9-38.userapi.com/impf/c850336/v850336536/12d27c/XvY9q74nPIQ.jpg?size=1280x720&quality=96&proxy=1&sign=bd9a4265b74824180b0e38b962a095e0&c_uniq_tag=wK0Ewq_ec5NYcqi80De5yeXPiymdfCzhv8GGBkK0Lrg&type=album
0,,https://sun9-33.userapi.com/impf/c845221/v845221348/1ed45d/bpHNJqfUeoQ.jpg?size=678x960&quality=96&proxy=1&sign=c8388681f74e7956339ea1c4d069b4b9&c_uniq_tag=6nuOC8UYE2A72msc_N8LzoB8iLuD7hCq1zn4tmsNQdw&type=album
1,"Расписание групповых программ с 22 по 28 апреля

[club147399356|Молот - Невский. Фитнес клуб]",https://sun9-5.userapi.com/impf/c855132/v855132135/2ba16/Tay-C3tzS7E.jpg?size=1280x1280&quality=96&sign=12dd7b6a159f3f497e356d35d73dec17&c_uniq_tag=Z_MSmpKDmleS1S8l8LuTtORnXcJgmz4HtsspAuNwj50&type=album
0,"14 апреля (вс) - ОТМЕНА занятия Тайский Бокс

[club147399356|Молот - Невский. Фитнес клуб]",https://sun9-44.userapi.com/impf/c851024/v851024189/107eab/2_8o_REgyO8.jpg?size=1280x1042&quality=96&sign=ecabc2c763f57fcd425b2f3fe0a6d24a&c_uniq_tag=8_mxLOzJ2k3F_u9_QCNSy4oXJIKV3GojxOTliCazaAM&type=album
0,,https://sun9-24.userapi.com/impf/c845322/v845322509/1d12d0/_npNQTmuO-g.jpg?size=768x1080&quality=96&sign=27ddff778fe1ac56382e14072a8a0941&c_uniq_tag=CagHyVDP1WmIH24d4Lkx3CoanfR8gprDb87S5GoYD7Y&type=album
13,"Тренируйся с теми, кто сильнее. 
Не сдавайся там, где сдаются другие. 
И победишь там, где победить нельзя. 
 
(с)Брюс Ли

Фото от [id21876353|Александр Жигайлов] a_zhigailov
Тренировка [id9113072|Павел Шабалин]",https://sun9-31.userapi.com/impf/c844321/v844321466/1ae324/X_6fxBnSZtk.jpg?size=1280x1279&quality=96&sign=63f9682ec8884e207ddee139c3733734&c_uniq_tag=U58QkNAK-N0iekenGnWE7foRKMsLdLiGYGeJZDNMu9I&type=album
3,"Уважаемые клиенты! 
Пишите отзывы о занятиях с тренерами фитнес-клуба МОЛОТ. 
Эта информация может быть полезна для тех, кто выбирает тренера для персональных занятий. 
 
В обсуждениях -(Выбираем ТРЕНЕРА) - https://vk.com/topic-147399356_39004365

Тренерский состав - https://vk.com/album-147399356_251247118",https://sun9-35.userapi.com/impf/c849020/v849020336/10e4a9/sj6phsBZW58.jpg?size=1280x1279&quality=96&sign=dc4d6687bdef4a4b90c924491aa38037&c_uniq_tag=AofT7OG-XfIXNWq9LyhxknnyrLYuuv5QL4hdlkwnh8o&type=album
4,"Только настойчивость приводит к цели. 
 #мотивация_от_молот

[club147399356|@molotfitness] 
#пауэрлифтинг #фитнес #начни_с_себя #molotfitness #становаятяга",https://sun9-10.userapi.com/impf/c848624/v848624463/fd391/KqHnZcPSa48.jpg?size=1280x1278&quality=96&sign=cd9d567e7059a2e9d2f08927a860dfe7&c_uniq_tag=oHlkDgsqt-_-aGiQj9NwQyoBSGdI-RNoNL6C6R5PMys&type=album
0,"Расписание групповых программ по 6 января, в файле excel, также расписание доступно на сайте molotfitness.ru",https://sun9-20.userapi.com/impf/c849532/v849532710/f67b2/lBCFXvmAWd0.jpg?size=1280x1280&quality=96&sign=663cb319fe91a2e5761d87b2a767749c&c_uniq_tag=GUPet2RYEkj0whfqrIi-fsmVIJJy9wtrD_-8F5UIWsM&type=album
18,"Работа над собой- это лучшее, что вы можете сделать. 
Примите тот факт, что вы не идеальны, но это нормально, а затем начните работать надо всем, что разрушает вас, вашими сомнениями, вашим эго и плохими мыслями.
В конце концов вы придёте к гармонии с собой, и это самое классное чувство в мире. (с)

На фото тренер клуба Молот - Екатерина Пинясова

[club147399356|Молот - Невский. Фитнес клуб]
 пр.Большевиков, 18",https://sun9-35.userapi.com/impf/c850616/v850616529/64565/bCaRXS1WJCk.jpg?size=1280x925&quality=96&proxy=1&sign=6f1097ac65fe49ee44bf8157eb1d3164&c_uniq_tag=lW5lnjs-vY5A9zazx81SNRkBFx7MIe0IHUy1GrzNjbo&type=album
6,#мотивация_от_молот,https://sun9-59.userapi.com/impf/c844418/v844418271/1458ec/DyHg1m0WVlE.jpg?size=1109x1109&quality=96&proxy=1&sign=e433f63fb5bc2883d2077686f34708f7&c_uniq_tag=_BxQMhvO4sLrJn3fs8DfvZwtTaxx-crQinh2Ye_dHhM&type=album
23,"Никому ничего не доказывай.
Просто следуй к своей мечте.

#мотивация_молот

На фото [id11606397|Игорь Бурун]",https://sun9-65.userapi.com/impf/c851016/v851016789/439a3/U48guNpTvd0.jpg?size=1108x1108&quality=96&proxy=1&sign=203a42cb2f3918b3172ab665cae5b740&c_uniq_tag=u3oyXx8GGSLhTgGkrDxH4IBDB2VW8ubU8NvIUnplEnU&type=album
3,А в чем ваша мотивация?,https://sun9-73.userapi.com/impf/c849428/v849428931/b15a0/sR-Gc9onPX8.jpg?size=1109x1109&quality=96&proxy=1&sign=b0b935d8e4524d9b251e17ec41dc55bd&c_uniq_tag=tF9WiT8kFYGL9zcuKLdtZS6nzetUyD_WlM22glnwRj0&type=album
1,"Уважаемые клиенты и гости клуба!

5 ноября клуб работает в режиме выходного дня с 9:00 до 22:00. Убедительная просьба планировать свои тренировки заранее!
Приносим извинения за доставленные неудобства!

#molotfitness #legendafitness #fitnessDybenko #sport #Дыбенко #фитнесклуб #ткНевский #Сделай_себя_сам",https://sun9-50.userapi.com/impf/c845321/v845321657/12016b/V553oHioLhQ.jpg?size=1280x620&quality=96&sign=0fb43aef86af6f5165ee14a7826c8f10&c_uniq_tag=rkfvg-ph5bCxElY_3BKNomYia-f_l1AC68DpSnTq0xk&type=album
2,"Расписание с 29 октября по 4 ноября доступно на сайте:
http://molotfitness.ru/clubs/nevsky/schedule/",https://sun9-40.userapi.com/impf/c851420/v851420943/327d6/1radlzP4520.jpg?size=1018x489&quality=96&proxy=1&sign=dff63bc1e9ffa3788059237b20f463d9&c_uniq_tag=EBMDJamO3RtAXPYriwoJ0-nclaKQGSURFHf4MRuKgM0&type=album
15,"Сделай себя сам

#молотфитнес #начни_с_себя #molotfitness #legendafitness",https://sun9-71.userapi.com/impf/c850636/v850636611/2d49f/KAkTyjNtl6A.jpg?size=1280x1267&quality=96&sign=2bb1e467b94a2204caa2833bdbaa173c&c_uniq_tag=dY0O6KUgMsVABp2wU9y_kbWj_Oj03sn6Qm7nFXkhhzU&type=album
3,"Halloween до 28.10!
ЦеНы ИсПуГаЛиСь!
БЕЗЛИМИТНЫЙ ФИТНЕС-6666р.

#molotfitness #молотфитнес #скидки",https://sun9-13.userapi.com/impf/c845122/v845122465/117e45/kWMd81bUk7E.jpg?size=1200x1200&quality=96&proxy=1&sign=639a49af9829e8ad1ebd2d3d06723e73&c_uniq_tag=zTx9tZVr-voiMXHMD8TQJHW2cksiMXLuLpUUaVoTBxs&type=album
4,"Расписание с 22 по 28 октября доступно на сайте:
http://molotfitness.ru/clubs/nevsky/schedule/",https://sun9-65.userapi.com/impf/c846221/v846221638/113176/8JRH_ZKsQs4.jpg?size=1280x720&quality=96&sign=1d96376b2a909e3f3015135bc8bff136&c_uniq_tag=Z36NWmVBP5MdhOqxFxyBdODMOq-GH5qhWV_X0NE8Ih4&type=album
1,"Скидывайте свою любимую музыку в комментарии!

#molotfitness #fitnessPSB #музыкаСпорт #НачниССебя",https://sun9-47.userapi.com/impf/c850428/v850428627/2b466/9RmQ6LpJqY8.jpg?size=800x800&quality=96&proxy=1&sign=26d32e76eac959a84d6c92a87a619da8&c_uniq_tag=_4tMYAzMTPHOcSHdYofBHOjXG7EJ_RTPh7Ge1DimFG8&type=album
1,"А вам какой стиль больше нравится?
Голосуем )
на фото тренер тренажерного зала Молот Дмитрий Федосеев 

 #молотфитнес #фитнесмолот",https://sun9-48.userapi.com/impf/c852036/v852036529/25e37/q61740ExXTA.jpg?size=960x960&quality=96&proxy=1&sign=307464658a950692746be8495009343d&c_uniq_tag=9Yo1AYWU8d1H_435GtGGeteIiPCqlZfi21a5ZgGvdi4&type=album
3,"В сетке наших занятий есть урок под названием Миофасциальный релиз, но не каждый клиент знает что это!

Что такое [club147399356|миофасциальный релиз] и зачем он нужен!

 Миофасциальный релиз — это упражнения, направленные на высвобождение фасции. Фасция — соединительная ткань, покрывающая мышцы, сухожилия, органы и сосудисто-нервные пучки в нашем организме. Всё тело человека и его части взаимосвязаны, так как нет в организме ни одной клеточки, где бы не было этой соединительной ткани.

Фасция состоит из коллагена и эластина, которые связывают молекулы воды и обеспечивают скольжение слоёв относительно друг друга, а значит, позволяют легче и эффективнее двигаться.

Наше тело состоит из многих слоёв: от самых поверхностных (кожа) до более глубоких (костная структура). Все эти слои должны скользить относительно друг друга и между собой. Чтобы это было легче понять, представьте очень тепло одетого человека: тогда кожа — это шуба, крупные мышцы — пиджак, ещё более глубокий слой мышц — жилет, ещё слой — рубашка, майка и так далее. И все эти слои скользят относительно друг друга, обеспечивая здоровое движение человека.

В идеальном организме фасции всегда остаются мягкими и эластичными и сохраняют свою подвижность, но на деле с возрастом, под влиянием травм и нагрузок фасциальная ткань теряет эластичность, становится тугой и ограниченной в подвижности. При перенапряжении фасции ухудшается кровоток сосудов, которые проходят через неё. Напряжение одной фасции отражается на тонусе других. Поэтому фасции нужно массировать, чтобы «разбивать» очаги напряжения, высвобождать его, уменьшать «жёсткость» тела и не давать фасциям «склеиваться» и «слипаться» (если процесс запустить, можно и вовсе заработать спайки фасций) — для этого и нужен миофасциальный релиз. Гибкие и подвижные фасции — залог хорошей осанки, быстрого восстановления после нагрузок и медленного «износа» организма.

#molotfitness #молотфитнес #начни_с_себя #молот #тркневский #Миофасциальныйрелиз",https://sun9-11.userapi.com/impf/c845324/v845324307/1139df/3CPClli-Klg.jpg?size=567x567&quality=96&proxy=1&sign=152af673e281d63eccd80796819bf0f8&c_uniq_tag=jk5f_hykvcfQACJK0N9Xdv2jaJD0BV1TxM4Qh2YUQlE&type=album
4,"Расписание  с 15 по 21 октября доступно на сайте: 
http://molotfitness.ru/clubs/nevsky/schedule/",https://sun9-51.userapi.com/impf/c845419/v845419307/113f25/e4L52n5c3XE.jpg?size=1280x720&quality=96&sign=df26cba0eb422a0a6a1630ca1cd3d64b&c_uniq_tag=UavL4B4jldwvT1JUx1X9cShKIvaLM8i9BiUhhLIKBGs&type=album
0,Расписание с 8 по 14 октября,https://sun9-66.userapi.com/impf/c849428/v849428330/8bf8c/4tsopb5DbUE.jpg?size=1018x489&quality=96&proxy=1&sign=d3a4bf6dd8f065d228a2d6672bfd0190&c_uniq_tag=HNceZ-1BnrsZHs2-d5055NiTJY7Ox_Zt6C1MlvDrM4U&type=album
4,#molotfitness #кардио #музыкаДляКардио,https://sun9-70.userapi.com/impf/c850224/v850224224/3f490/EXkCVoAQyd4.jpg?size=800x800&quality=96&proxy=1&sign=ef8824af43502b3f503112a562c3d60c&c_uniq_tag=865uiRYDwKk9QPI1gX4kDFs7gYlPGVO9fuVfxKg_nJo&type=album
3,#molotfitness #молотфитнес #фитнесСпб,https://sun9-40.userapi.com/impf/c852320/v852320606/1626f/ji7v-O23pKc.jpg?size=1280x1280&quality=96&sign=97fc70f19cd0cf24f73a880d738be893&c_uniq_tag=Eld7QtUAaMRZUqIn_A_oQ0FYyz7sxhpRm4Ie0L-XoZQ&type=album
1,Расписание с 1 по 7 октября,https://sun9-29.userapi.com/impf/c850328/v850328727/3bf58/V1T5x_YUHvU.jpg?size=1018x489&quality=96&proxy=1&sign=b865f052b54b6e0e0b98e33ce806d373&c_uniq_tag=snJ0GIfhRRKcIcpSoBs0BevaT-yKNT--wsyMzpoSBaE&type=album
10,"В рубрике знакомство с тренером у нас прекрасный человек и спортсмен Игорь Бурун! 
В настоящее время он отвечает у нас за функциональный тренинг и лучше специалиста вряд ли можно найти! Разработанные им тренировки направлены на приобретение красивых и стройных форм, развитие умения владеть своим телом, улучшения общей физической подготовки. 
 
Работая с Игорем, вы сможете вместе сформировать культуру питания и по-настоящему пропитаться идеей здорового образа жизни. 

Опыт работы: с 2013 года.

#molotfitness #legendafitness #молотфитнес #trx",https://sun9-23.userapi.com/impf/c845221/v845221203/f8e67/wAASEwocHb8.jpg?size=1080x1080&quality=96&proxy=1&sign=014c4c9664a46dc633baaddc624d8d52&c_uniq_tag=nTjpGowgPJ3PjIkm1PovtZr7PdF2loYHDykPWAsZcQ4&type=album
5,"Расписание с 24 по 30 сентября
http://molotfitness.ru/schedule/nevsky",https://sun9-11.userapi.com/impf/c831109/v831109985/1a010b/NNZikwxX6GA.jpg?size=1018x489&quality=96&proxy=1&sign=702e3633d4f3c4376f9f0adeabf18536&c_uniq_tag=8xDZKawySbWadrQsFXUMgWigx99UQ222eSbtaFse3Kk&type=album
0,"Завтра - последний день недели открытых детских уроков! 
В 14 часов состоятся 2 урока - Бокс и Танцы для детей от 6 до 9 лет!

Для записи необходимо только позвонить по телефону 425 39 39",https://sun9-14.userapi.com/impf/c845120/v845120935/f3fc7/aA_o18Ht4-E.jpg?size=800x800&quality=96&proxy=1&sign=e4d03aba56504de4247af4aa41eebb2f&c_uniq_tag=qUJ2h0V2GfMkmip_38lJ_4CWfJWNhYulaVih3jjmv-k&type=album
15,#molotfitness #dybenkofitness #dybenko #fitness,https://sun9-25.userapi.com/impf/c849224/v849224612/80c48/fn5SsGQEoOM.jpg?size=800x800&quality=96&proxy=1&sign=2c8e9d795a4eb6e19afbb46340ffedf9&c_uniq_tag=y2B46C8vvK7IjF2KiZIDVR55eYrCwcbLlNhIt7rJy3I&type=album
6,"Друзья сегодня стартует неделя детских открытых уроков!

MIX FIGHT 12-16
В средней группе упор делается на изучение самых эффективных приемов из арсенала микс файта! Ребята научатся применять удары и броски в реальных боевых ситуациях, будут готовиться, и выступать на соревнованиях. 

ФТ ДЕТИ 6-9 
Это круговые тренировки, направленные на развитие кардио- и силовой выносливости, силы, баланса, гибкости. Различные уровни сложности занятий. Используется различное оборудование: тренажеры TRX, мячи, 
скакалки, BOSU, степ платформа и др. Урок проводится с учетом возраста ребенка.

АЙКИДО ДЕТИ 8-12 ЛЕТ 
Это адаптированная по возрасту и физическим возможностям программа занятий айкидо. Она построена в духе всей философии айкидо, но учитывает все особенности детской психики и физического развития.

ДЕТИ ТАНЦЫ 10-15 ""Занятие включает в себя: разминку под современную музыку , разучивание танцевальных композиций, растяжку, изучение акробатических элементов, ознакомление с такими стилями как: hip-hop, Jazz Funk, contemporary dance. Занятие направлено на улучшение техники танца, запоминание хореографий и импровизации. Весёлая альтернатива ОФП и другим физическим нагрузкам. Может послужить хорошим стартом для танцевального будущего""

ЮНЫЙ ЕДИНОБОРЕЦ 4-6 ДЕТИ
Дети научатся основам координации и растяжки, так же большое внимание уделяется, развитию всех групп мышц ребенка. Занятия проводятся в игровой форме, интересной и 
понятной для ребенка.

САМООБОРОНА ДЕВОЧКИ 13-15 
На занятиях по самообороне девочки 
научаться преодолевать страх, правильно и эффективно действовать в конфликтных ситуациях в школе, и за ее пределами, а так же использовать и применять приемы, рассчитанные именно на их физическую форму. ""

ФТ ДЕТИ 10-15 
Это круговые тренировки, направленные 
на развитие кардио- и силовой выносливости, силы, баланса, гибкости. Различные уровни сложности занятий. Используется различное оборудование: тренажеры TRX, мячи, скакалки, BOSU, степ платформа, Некоторые силовые тренажеры и др. Урок проводится с учетом возраста ребенка.""

БОКС ДЕТИ 10-15 
В процессе занятия происходит ознакомление 
и изучение базовых упражнений общей физической подготовки, упражнений на координацию, общую растяжку. Весь процесс
 обучения построен на базе специальных общих упражнений бокса. Бокс для детей -это гармоничное развитие личности тела и духа вашего ребенка. Ребенок будет знать, на что способен его организм и психика - что незамедлительно скажется на всех проявлениях его жизни. Ребенок не даст себя в обиду. Будут готовиться и выступать на соревнованиях.""

MIX FIGHT 6-10 
МиксФайт это сравнительно молодое боевое
 единоборство, которое объединяет в себе лучшие приемы из таких видов единоборств как бокс, карате и борьба. Ребята научатся не только постоять, за себя, но и станут крепче духовно и физически!

БОКС ДЕТИ 6-9 
В процессе занятия происходит ознакомление и изучение базовых упражнений общей физической подготовки, упражнений на 
координацию, общую растяжку. Весь процесс обучения построен на базе специальных общих упражнений бокса.

ДЕТИ ТАНЦЫ 6-9 
Занятие включает в себя: разминку под современную музыку , разучивание танцевальных композиций, растяжку, изучение 
акробатических элементов, ознакомление с такими стилями как: hip-hop, Jazz Funk, contemporary dance. Занятие направлено на улучшение техники танца, запоминание хореографий и импровизации. Весёлая 
альтернатива ОФП и другим физическим нагрузкам. Может послужить хорошим стартом для танцевального будущего

#molotfitness #legendafitness #молотфитнес #детскиесекции",https://sun9-36.userapi.com/impf/c850024/v850024130/7d808/DTyWIvb02X8.jpg?size=1000x1000&quality=96&proxy=1&sign=72bd1c923c7268c73c54b48c9ed66f69&c_uniq_tag=payhZ3_gBxje1q26cnM4-3DeqxZg0SKpCvE7slra6X4&type=album
